name,dna,notes,plate,well
IRES2-Axl-NTAP,CTAGGGATCCCTAGTGGTGATGGTGATGATGGCCCTGAAAATACAGGTTTTCTTTATCATCATCATCTTTATAATCGGCACCATCCTCCTGCCCTG,,2,C7
AXL-pIRESpuro fwd,CTAGGCTAGCGCCACCATGGCGTGGCGGTGCCCCAG,,2,A2
FLAG-myc IRES Axl rev,CTAGGGATCCCTACAGATCTTCTTCGCTAATCAGTTTCTGTTCCTTGTCGTCATCGTCTTTGTAGTCGGCACCATCCTCCTGCCCTG,,2,B6
FLAG-HA IRES Axl rev,CTAGGGATCCCTACGCATAATCCGGCACATCATACGGATACTTGTCGTCATCGTCTTTGTAGTCGGCACCATCCTCCTGCCCTG,,2,D2
MerTK_last_fwd,CTA GGA ATT CTT ATA CCG GTA AAG TTG GCA TCA GGA CT,Standard Desalting,NULL,NULL
link1-mCherryAxl,GGAATATCACAGGTGCCCGGGGAGGAGGAGGAATGGTGAGCAAGGGCGAGG,Standard Desalting,NULL,NULL
link2-mCherryAxl,GCGGCATGGACGAGCTGTACAAGGGAGGAGGATTCTCGTGGCCCTGGTGGTATGTA,Standard Desalting,NULL,NULL
GC - link1-mCherryAxl,CCTCGCCCTTGCTCACCATTCCTCCTCCTCCCCGGGCACCTGTGATATTCC,Standard Desalting,NULL,NULL
GC - link2-mCherryAxl,TACATACCACCAGGGCCACGAGAATCCTCCTCCCTTGTACAGCTCGTCCATGCCGC,Standard Desalting,NULL,NULL
AXLtoGFP fwd above,AAGCTAGCTCTCTGAGGTTTCTCCAGGAATCGAG,Standard Desalting,NULL,NULL
AXLtoGFP rev above,TTCTCGAGCATGGGTGCCAAACTTTCCTCAGA,Standard Desalting,NULL,NULL
AXLtoGFP fwd below,AAGCGGCCGCGTGGCGGTGCCCC,Standard Desalting,NULL,NULL
AXLtoGFP rev below,TTCTAGACAGAGAGGAGCACAGATACAAGGC,Standard Desalting,NULL,NULL
OK163 seq primer,CGCCAGGGTTTTCCCAGTCACGAC,Standard Desalting,NULL,NULL
M13_pUC_fwd_primer,CCCAGTCACGACGTTGTAAAACG,Standard Desalting,1,G10
M13_forward20_primer,GTAAAACGACGGCCAGT,"Standard DesaltingPlate 2, E7",2,NULL
Start genomic AXL fwd,GACGCCCAGCCTCCTCCTCA,"Standard DesaltingPlate 1, E10",1,E10
Start genomic AXL rev,CTGTCCTTGCCTGCCCACCG,"Standard DesaltingPlate 2, Well D3",2,D3
AXL-pIRESpuro rev at PK end,CTAGGGATCCTCACAGTGTGTTCTCCAAATCTTCCCGC,"Standard DesaltingPlate 2, B10",2,NULL
AXL-pIRESpuro rev at PK begin,CTAGGGATCCTCACTTGTGCCGGTCCACCATCACATC,"Standard DesaltingPlate 2, C3",2,NULL
K567R,CTCAAGGTGGCTGTGAGGACGATGAAGATTGCC,"Standard DesaltingPlate 2, Well D6",2,NULL
K567R_antisense,GGCAATCTTCATCGTCCTCACAGCCACCTTGAG,"Standard DesaltingPlate 2, Well D7",2,NULL
AXL kinase dead seq primer,TGATGGTGGACCGGCA,"Standard DesaltingPlate 1, G9",1,G9
Stop at 851,CTAGGGATCCTCAGGAATCCTTAGGGTCTGGCTGGGTT,"Standard DesaltingPlate 2, D10",NULL,NULL
Stop at 871,CTAGGGATCCTCAGGAAGGGCAGAGGACATAGCGTCC,"Standard DesaltingPlate 2, A9",NULL,NULL
U6-sh1-fwd,/5Phos/TGTGACTAACTAGACACCAGTTCAAGAGATTGGTGTCTAGTTAGTCACTTTTTTC,"Standard DesaltingPlate 1, F5",1,NULL
U6-sh1-rev,/5Phos/TCGAGAAAAAAGTGACTAACTAGACACCAATCTCTTGAACTGGTGTCTAGTTAGTCACA,"Standard DesaltingPlate 2, E5",NULL,NULL
U6-sh2-fwd,/5Phos/TGCTCCAAGATTCTAGATGGTTCAAGAGATCATCTAGAATCTTGGAGCTTTTTTC,"Standard DesaltingPlate 2, Well D8",NULL,NULL
U6-sh2-rev,/5Phos/TCGAGAAAAAAGCTCCAAGATTCTAGATGATCTCTTGAACCATCTAGAATCTTGGAGCA,"Standard DesaltingPlate 1, G12",1,NULL
U6-sh3-fwd,/5Phos/TGATAAAGCCTCAAGGTTTGTTCAAGAGAAAAACCTTGAGGCTTTATCTTTTTTC,"Standard DesaltingPlate 2, E3",NULL,NULL
U6-sh3-rev,/5Phos/TCGAGAAAAAAGATAAAGCCTCAAGGTTTTTCTCTTGAACAAACCTTGAGGCTTTATCA,"Standard DesaltingPlate 2, A7",NULL,NULL
U6-sh4-fwd,/5Phos/TGCATCTAAGTTATAAGACGTTCAAGAGAAGTCTTATAACTTAGATGCTTTTTTC,"Standard DesaltingPlate 2, B2",NULL,NULL
U6-sh4-rev,/5Phos/TCGAGAAAAAAGCATCTAAGTTATAAGACTTCTCTTGAACGTCTTATAACTTAGATGCA,"Standard DesaltingPlate 1, F4",1,NULL
U6-sh5-fwd,/5Phos/TGGTTCTAAGGCCTAGGATGTTCAAGAGAAATCCTAGGCCTTAGAACCTTTTTTC,"Standard DesaltingPlate 1, F11",1,NULL
U6-sh5-rev,/5Phos/TCGAGAAAAAAGGTTCTAAGGCCTAGGATTTCTCTTGAACATCCTAGGCCTTAGAACCA,"Standard DesaltingPlate 2, D9",NULL,NULL
pLKO.1-hPGK-seq,GTCGGCAGTCGGCTCCC,"Standard DesaltingPlate 1, G5",NULL,NULL
U6 promoter seq,CAGTGCAGGGGAAAGAATAGTAGAC,"Standard DesaltingPlate 2, C1",NULL,NULL
CHIP MMP9 fwd,TGTCCCTTTACTGCCCTGA,"Standard DesaltingPlate 1, F9",1,NULL
CHIP MMP9 rev,ACTCCAGGCTCTGTCCTCCTCTT,"Standard DesaltingPlate 2, B3",NULL,NULL
CHIP Twist fwd,GCCAGGTCGTTTTTGAATGG,"Standard DesaltingPlate 1, F2",1,NULL
CHIP Twist rev,CGTGCAGGCGGAAAGTTTGG,"Standard DesaltingPlate 1, F6",1,NULL
IRESpuro trans fwd,CTAGGGATCCATCGATATCTGCGGCCTAGCTAGC,Standard Desalting,NULL,NULL
IRESpuro trans rev,CTAGGGTACCTCAGGCACCGGGCTTGC,"Standard DesaltingPlate 2, E3",NULL,NULL
IRESpuro trans rev2,CTAGTGTACATCAGGCACCGGGCTTGC,"Standard DesaltingPlate 1, F3",1,NULL
ARRB2 qPCR fwd,GACAAGGAGCTGTACTACCA,,1,D2
ARRB2 qPCR rev,CTTCTTGACGGTCTTGGTG,,1,C3
CXCL1 qPCR fwd,AGGGAATTCACCCCAAGAAC,"Standard DesaltingPlate 1, C10",1,NULL
CXCL1 qPCR rev,ACTATGGGGGATGCAGGATT,"Standard DesaltingPlate 1, B8",1,NULL
CYBB qPCR fwd,CACAGGCCTGAAACAAAAGA,"Standard DesaltingPlate 1, B4",1,NULL
CYBB qPCR rev,GCTTCAGGTCCACAGAGGAA,"Standard DesaltingPlate 1, C2",1,NULL
FNBP1 qPCR fwd,GATGGATCAAAGAGATGCCA,"Standard DesaltingPlate 1, B6",1,NULL
FNBP1 qPCR rev,TTGTGATCCAAACTGGCTG,"Standard DesaltingPlate 1, B3",1,NULL
IL8 qPCR fwd,GAATGGGTTTGCTAGAATGTGATA,"Standard DesaltingPlate 1, B5",1,NULL
IL8 qPCR rev,CAGACTAGGGTTGCCAGATTTAAC,"Standard DesaltingPlate 1, C11",1,NULL
AXL del IgG1 fwd,/5Phos/CAGCCTGGCTATGTTGGGCT,"Standard DesaltingPlate 2, C2",2,C2
AXL del IgG1 rev,/5Phos/GGCCATGCACGCCCAG,"Standard DesaltingPlate 2, C9",2,C9
AXL del IgG2 fwd,/5Phos/GTGCTCCCCCAGCAGC,"Standard DesaltingPlate 1, G7",1,G7
AXL del IgG2 rev,/5Phos/CAAGCCCTCCAGCCCAACATAG,"Standard DesaltingPlate 1, G11",1,G11
AXL del FN1 fwd,/5Phos/CCCCTGGGCCCCCCTGAGAACATTAGTG,"Standard DesaltingPlate 1, F12",1,F12
AXL del FN1 rev,/5Phos/GAGCACTGTGATGGTGGCTGTGCGGGAT,"Standard DesaltingPlate 1, G6",1,G6
AXL del FN2 fwd,/5Phos/CCAGGGCAAGCACAGCC,"Standard DesaltingPlate 2, well D5",2,D5
AXL del FN2 rev,/5Phos/CACTCCCTCCGGCGTCT,"Standard DesaltingPlate 2, well D1",2,D1
AXL del TM fwd,/5Phos/CACCGGCGAAAGAAGGAGACC,"Standard DesaltingPlate 2, A10",2,A10
AXL del TM rev,/5Phos/CCACCAGGGCCACGAGAA,"Standard DesaltingPlate 2, A1",2,A1
IGF1R trans region,/5Phos/CTGATTATTGCGCTGCCGGTGGCGGTGCTGCTGATTGTGGGCGGCCTGGTGATTATGCTGTATGTGTTTCAT/3Phos/,PAGE Purification,NULL,NULL
AXL stop PK end FLAG,AGGGATCCTCACTTGTCATCGTCATCCTTGTAATCCAGTGTGTTCTCCAAATCTTCCCGC,"Standard DesaltingPlate 1, E11",1,E11
AXL stop PK start FLAG,TAGGGATCCTCACTTGTCATCGTCATCCTTGTAATCCTTGTGCCGGTCCACCATCACATC,"Standard DesaltingPlate 2, C8",2,C8
AXL to 851 FLAG,AGGGATCCTCACTTGTCATCGTCATCCTTGTAATCGGAATCCTTAGGGTCTGGCTGGGTT,"Standard DesaltingPlate 1, G2",1,G2
AXL to 871 FLAG,TAGGGATCCTCACTTGTCATCGTCATCCTTGTAATCGGAAGGGCAGAGGACATAGCGTCC,Standard Desalting,NULL,NULL
AXL seq 654,AGCCACCATCACAGTGCTC,"Standard DesaltingPlate 1, F7",1,F7
AXL seq 1343,GGCCCTGGTGGTATGTACTG,"Standard DesaltingPlate 2, A11",2,A11
AXL seq 2043,TGAGAACATGTCCGTGTGTG,"Standard DesaltingPlate 2, C11",2,C11
AXL-GFP Stop @ C domain FLAG,CTAGGGATCCTCACTTGTCATCGTCATCCTTGTAATCCTCCTTCTTTCGCCGGTGGAC,"Standard DesaltingPlate 1, F8",1,NULL
Del FN1 to TM fwd,/5Phos/TGGTGGTATGTACTGCTAGGAGCAGTC,"Standard DesaltingPlate 2, B8",NULL,NULL
Direct Lig Tev rev,/5Phos/GCCCTGAAAATACAGGTTTTCGCGCCAGGCCTCCAG,"Standard DesaltingPlate 2, B7",NULL,NULL
Lig KD fwd,/5Phos/AGGACGATGAAGATTGCCATCTGC,"Standard DesaltingPlate 2, C6",NULL,NULL
Lig KD rev,/5Phos/CACAGCCACCTTGAGGATGGAGTC,"Standard DesaltingPlate 2, B11",NULL,NULL
Gas6 IRES puro Fwd,CTAGGCTAGCATGGCCCCTTCGCTCTCGCCCG,"Standard DesaltingPlate 2, E8",NULL,NULL
Gas6-FLAG IRES puro rev,CTAGGGATCCTCACTTGTCATCGTCATCCTTGTAATCGGCTGCGGCGGGCTCCAC,"Standard DesaltingPlate 2, B4",NULL,NULL
TYRO3 IRES puro fwd,CTAGGCTAGCATGGCGCTGAGGCGGAGCATGGG,"Standard DesaltingPlate 1, G3",1,NULL
TYRO3 IRES puro rev,CTAGGGATCCTCAACAGCTACTGTGTGGCAGTAGCCC,"Standard DesaltingPlate 1, G4",1,NULL
MERTK IRES puro fwd,CTAGGCTAGCATGGGGCCGGCCCCGCTG,Standard Desalting,2,A3
MERTK IRES puro rev,CTAGGGATCCTCACATCAGGACTTCTGAGCCTTCTGAG,Standard Desalting,2,A8
IGF1R TM and ICD fwd,/5Phos/CTGATCATCGCTCTGCCCGTC,"Standard DesaltingPlate 2, E4",NULL,NULL
IGF1R TM and ICD rev,CTAGGGATCCTCAGCAGGTCGAAGACTGGGGCAG,"Standard DesaltingPlate 2, E1",NULL,NULL
CMV fwd,CGCAAATGGGCGGTAGGCGTG,"Standard DesaltingPlate 3, A4",NULL,NULL
AXL T84R fwd,/5Phos/GACAGGTGCCCCTGGGTGAG,"Standard DesaltingPlate 3, H6",3,H6
AXL T84R rev,/5Phos/AGACCCACGACAGGCG,Standard Desalting,NULL,NULL
AXL T215E fwd,/5Phos/GAGTCCCGCACAGCCACCATCACAG,"Standard DesaltingPlate 3, G12",3,G12
AXL T215E rev,/5Phos/CCACTGGGGGAACCGCAATA,Standard Desalting,NULL,NULL
AXL L138E fwd,/5Phos/GAGCCTTACTTCCTGGAGGAGC,"Standard DesaltingPlate 3, G11",3,G11
AXL L138E rev,/5Phos/CGGGAGGTCGGGTTGTATCG,Standard Desalting,NULL,NULL
AXL E66R fwd,/5Phos/AGGGTACATTGGCTTCGGGA,"Standard DesaltingPlate 3, G6",3,G6
AXL E66R rev,/5Phos/CCCCCCGAGAGGGACTT,Standard Desalting,NULL,NULL
AXL I97A fwd,/5Phos/GCCGTGGTCAGCCAGCTCAGAATCA,,3,G9
AXL I97A rev,/5Phos/GGTCAGTAGGACAAGTAGGA,Standard Desalting,NULL,NULL
Gas6 F53del rev,/5Phos/CTGGACTTTCCGCGCC,"Standard DesaltingPlate 3, F5",NULL,NULL
Gas6 E278del fwd,/5Phos/GACATCTTGCCGTGC,"Standard DesaltingPlate 3, G3",NULL,NULL
AXL T84R Rev 2,TCTGGGTGCTGTCCGC,"Standard DesaltingPlate 3, G10",3,G10
AXL T215E Rev 2,GGTGACCCCCTTGGCGTTAT,"Standard DesaltingPlate 3, H9",3,H9
AXL L138E Rev 2,GCCCTCCAGCCCAACATAGC,Standard Desalting,2,F2
AXL E66R Rev 2,GGGGGGCTCTCCCTGAA,"Standard DesaltingPlate 3, G5",3,G5
AXL I97A Rev 2,CCAGTCATCCTGTTCATCCT,,3,G1
Gas6 F53del Rev 2,GACCTGAAAGGCGCGG,"Standard DesaltingPlate 3, G8",NULL,NULL
AXL delIG1 fwd v2,/5Phos/CAGCCTGGCTATGTTGGGCT,"Standard DesaltingPlate 3, G4",3,G4
AXL delIG1 rev v2,/5Phos/GGCCATGCACGCCCAGCC,"Standard DesaltingPlate 3, G2",3,G2
AXL delIG2 fwd v2,/5Phos/GTGCTCCCCCAGCAGCCCCG,"Standard DesaltingPlate 3, H10",3,H10
AXL delIG2 rev v2,/5Phos/CAAGCCCTCCAGCCCAACATAG,"Standard DesaltingPlate 3, G7",3,G7
AXL translate fwd,CTAGTCTAGAAGGAGGTCAGCTATGGCGTGGCGGTGCCCCAG,"Standard DesaltingPlate 3, H12",3,NULL
AXL translate rev,GGCAGGAGGATGGTGCCTGAGCGGCCGCCTAG,"Standard DesaltingPlate 3, H2",3,NULL
AXL I97A QC sense,GATGAACAGGATGACTGGGCAGTGGTCAGCCAGCTCAG,,3,H1
AXL I97A QC antisense,CTGAGCTGGCTGACCACTGCCCAGTCATCCTGTTCATC,,2,F1
AXL-MSCV fwd,CTAGCTCGAGGCCACCATGGCGTGGCGGTGCCCCAG,"Standard DesaltingPlate 3, E9",3,NULL
AXL-MSCV-Untag Rev,GGCAGGAGGATGGTGCCTGAGAATTCCTAG,"Standard DesaltingPlate 3, D11",3,NULL
pMSCV seq fwd,CCCTTGAACCTCCTCGTTCGACC,,3,E11
pMSCV seq rev,GAGACGTGCTACTTCCATTTGTC,,2,G1
MerTK_last_rev,TAG GCT AGC CAG CAC ACT GGA TCA GTT AT,Standard Desalting,NULL,NULL
MERTK FLAG ecto rev,CTAGGGATCCTCACTTGTCGTCATCGTCTTTGTAGTCATCTGCGTTGCCAGGCGCCGGAGTTG,"PAGE PurificationPlate 3, E1",NULL,NULL
TYRO3 FLAG ecto rev,CTAGGGATCCTCACTTGTCGTCATCGTCTTTGTAGTCCCAGGATGTGCGGCTGTGAGGAGG,"PAGE PurificationPlate 3, F1",3,NULL
AXL FLAG ecto rev,CTAGGGATCCTCACTTGTCGTCATCGTCTTTGTAGTCCCACCAGGGCCACGAGAAGGCAGGAGT,"PAGE PurificationPlate 3, E2",3,E2
MERTK delIG1 REV,/5Phos/AATGGCTACGTTTCCTGTATGTGGTCT,"Standard DesaltingPlate 3, B7",NULL,NULL
MERTK delIG1 FWD,/5Phos/GATCCCATCTACATCGAAGTACAAGGA,"Standard DesaltingPlate 3, A7",NULL,NULL
MERTK delIG2 REV,/5Phos/AAGTCCTTGTACTTCGATGTAGATGGG,"Standard DesaltingPlate 3, B1",NULL,NULL
MERTK delIG2 FWD,/5Phos/AAGGGAGTGCAGATCAACATCAAAGCA,"Standard DesaltingPlate 3, A2",NULL,NULL
MERTK delFN1 REV,/5Phos/GGAGGGAATTGCTTTGATGTTGATCTG,"Standard DesaltingPlate 3, F8",NULL,NULL
MERTK delFN1 FWD,/5Phos/GCCCCATCAGTAGCACCTTTAAATGTC,"Standard DesaltingPlate 3, B12",NULL,NULL
MERTK delFN2 REV,/5Phos/TACTGATGGGGCTCCTTCAGTCGTGCT,"Standard DesaltingPlate 3, D1",NULL,NULL
MERTK delFN2 FWD,/5Phos/TGGGTAGATTATGCCCCCTCTTCAACT,"Standard DesaltingPlate 3, C4",NULL,NULL
TYRO3 delIG1 REV,/5Phos/GGCGGCGGACTCCGGGAGCAG,"Standard DesaltingPlate 3, B6",3,NULL
TYRO3 delIG1 FWD,/5Phos/CAGCCAGTGTGGCTCACGGTAGAAGGT,"Standard DesaltingPlate 3, A12",3,NULL
TYRO3 delIG2 REV,/5Phos/CACACCTTCTACCGTGAGCCACACTGG,"Standard DesaltingPlate 3, B2",3,NULL
TYRO3 delIG2 FWD,/5Phos/CTTCAAGCACTGCCTGCAGCCCCCTTC,"Standard DesaltingPlate 3, B9",3,NULL
TYRO3 delFN1 REV,/5Phos/TGCAGGCAGTGCTTGAAGGTGAACAGT,"Standard DesaltingPlate 3, B8",3,NULL
TYRO3 delFN1 FWD,/5Phos/GCCCCAGCCAGCGCTCCCCAAAACCTC,"Standard DesaltingPlate 3, F11",3,F11
TYRO3 delFN2 REV,/5Phos/GCTGGCTGGGGCTAGACCCTTGGTCTG,"Standard DesaltingPlate 3, C2",3,NULL
TYRO3 delFN2 FWD,/5Phos/GCAGGCCAGCAGGGCCCTCCTCAC,"Standard DesaltingPlate 3, D7",3,NULL
Gas6-His IRES puro rev,CTAGGGATCCTCAGTGGTGATGGTGATGATGGGCTGCGGCGGGCTCCAC,Standard Desalting,2,H4
pBabe seq 3',ACCCTAACTGACACACATTCC,"Standard DesaltingPlate 2, D4",NULL,NULL
pBabe seq 5',CTTTATCCAGCCCTCAC,"Standard DesaltingPlate 2, B1",NULL,NULL
AXL_KO_CRISPR_1,TAATACGACTCACTATAGCTGGGCGTGCATGGCCCCCGTTTTAGAGCTAGAAATAGCAAGTT,Standard Desalting ,2,G12
AXL_KO_CRISPR_2,TAATACGACTCACTATAGGCCCCCAGGGGTGAGTGATGTTTTAGAGCTAGAAATAGCAAGTT,Standard Desalting ,2,G9
Gas6-TEV-sortase-QCf,TCA GGG CGG CGG CAT CAA CAA GTA TGG GTC TC,Standard Desalting,NULL,NULL
Gas6-TEV-sortase-QCr,AAG TAC AGA TTT TCG TCT AAG TAT CTT GGG TAA AAA TAA TC,Standard Desalting,NULL,NULL
PROS-TEV-sortase-QCf,TCA GGG CGG CGG CCT TCG CTC TTT TCA AAC TG,Standard Desalting,NULL,NULL
PROS-TEV-sortase-QCr,AAG TAC AGA TTT TCA ACT AAG TAT TTT GGA TAA AAA TAA TC,Standard Desalting,NULL,NULL
AXL_Ig1_fwd,/5Phos/CCCAGGGGCACGCAG,5' Phosphorylation  Standard Desalting ,2,H12
AXL_YtoF_R_746,ATT GTA GAT CTT CTT GGA GAG CCC,Standard Desalting,NULL,NULL
AXL_Ig2_fwd,/5Phos/CAGCCTGGCTATGTTGGGCT,5' Phosphorylation  Standard Desalting ,2,D12
AXL_YtoF_F_743,AAT GGG GAC TTC TAC CGC CAG,Standard Desalting,NULL,NULL
Mer_Ig1_fwd,/5Phos/GCTATCACTGAGGCAAGGGAAGAAG,5' Phosphorylation  Standard Desalting ,2,E10
Mer_Ig1_rev,TGGTACCTAGTGGTGATGGTGATGATGAAGTCCTTGTACTTCGATGTAGATGGGATCA,Standard Desalting ,2,F4
Mer_Ig2_fwd,/5Phos/GATCCCATCTACATCGAAGTACAAGGACTT,5' Phosphorylation  Standard Desalting ,2,E11
Mer_Ig2_rev,TGGTACCTAGTGGTGATGGTGATGATGGGAGGGAATTGCTTTGATGTTGATCTGC,Standard Desalting ,2,E12
Tyro_Ig1_fwd,/5Phos/GCAGGTCTGAAGCTCATGGGAG,5' Phosphorylation  Standard Desalting ,2,C12
Tyro_Ig1_rev,TGGTACCTAGTGGTGATGGTGATGATGCACACCTTCTACCGTGAGCCAC,Standard Desalting ,2,B12
Tyro_Ig2_fwd,/5Phos/CAGCCAGTGTGGCTCACGG,5' Phosphorylation  Standard Desalting ,2,F9
PROS-Sortase-fwd,GTC AGC TAG CCG AAA ATC TGT ACT TTC AGG GCG GCG GCT GTC TTC GCT CTT TTC,Standard Desalting,NULL,NULL
MET_IRESpuro_fwd,TGCTAGCATGAAGGCCCCCGCTG,Standard Desalting ,2,H5
MET_IRESpuro_rev,TGGATCCTGATGTCTCCCAGAAGGAGGC,Standard Desalting ,2,H2
PDGFRb_IRESpuro_fwd,TGCTAGCATGCGGCTTCCGGGTG,Standard Desalting ,2,H1
PDGFRb_IRESpuro_rev,TGGATCCCAGGAAGCTATCCTCTGCTTCCG,Standard Desalting ,2,H3
PROS_toCochran_rev,CTA GGA TCC TAA GAA TTC TTT GTC TTT TTC C,Standard Desalting,NULL,NULL
AXL_KO_repair_rev,TACCCCTGCCCCAGC,Standard Desalting ,2,F6
AXL_YtoF_F_920,ATT TAT GAC TTT CTG CGC CAG GG,Standard Desalting,NULL,NULL
AXL_YtoF_R_920,CTC GCT GTT CTC CAC GCC,Standard Desalting,NULL,NULL
pGAP fwd seq,GTCCCTATTTCAATCAATTGAA,Standard Desalting ,NULL,NULL
MerIg2 pGAP CTAG fwd,CTAGGAATTCGATCCCATCTACATCGAAGTACAAGGACTT,Standard Desalting ,4,A12
AXL_YtoF_F_131,GTA GTC AGG TTC CGC GTG CGC,Standard Desalting,NULL,NULL
TyroIg1 pGAP CTAG fwd,CTAGGAATTCGCAGGTCTGAAGCTCATGGGAG,Standard Desalting ,4,A10
AXLIg2 pGAP CTAG fwd,CTAGGAATTCCAGCCTGGCTATGTTGGGCT,Standard Desalting ,4,A9
MerTK CTAG fwd,CTAGGCTAGCATGGGGCCGGCCC,Standard Desalting ,4,B2
AXL_YtoF_F_149,CGC AAG TCC TTC AGT CGT CGG,Standard Desalting,NULL,NULL
PROS1 fwd,CTAGGCTAGCATGAGGGTCCTGGGT,Standard Desalting ,NULL,NULL
PROS1 rev,CTAGGGATCCTAGTGGTGATGGTGATGATGAGAATTCTTTGTCTTTTTC,Standard Desalting ,NULL,NULL
MerTK IRES puro fwd 2,TGCTAGCATGGGGCCGGCCC,Standard Desalting ,4,A7
AXL_YtoF_R_539,GCT GTG TAG GTC TCC ATG,Standard Desalting,NULL,NULL
AXL_YtoF_F_566,CAG CCA GTG TTC CTG CCC ACT C,Standard Desalting,NULL,NULL
AXL_Ig2_GAPz_rev,TTCTAGATTCTGGGGGAGCACTGTGATGG,Standard Desalting ,4,A4
Mer_Ig1_GAPz_fwd,TGAATTCGCTATCACTGAGGCAAGGGAAGAAG,Standard Desalting ,4,B6
AXL_YtoF_R_80,CTT CTT TCG CCG GTG GAC,Standard Desalting,NULL,NULL
Mer_Ig2_GAPz_fwd,TGAATTCGATCCCATCTACATCGAAGTACAAGGACTT,Standard Desalting ,4,A3
AXL_YtoF_F_539,TTC CTC CTC TTT TCC CGG CTC,Standard Desalting,NULL,NULL
Tyro_Ig1_GAPz_fwd,TGAATTCGCAGGTCTGAAGCTCATGGGAG,Standard Desalting ,4,A8
Tyro_Ig1_GAPz_rev,TTCTAGAACACCTTCTACCGTGAGCCAC,Standard Desalting ,4,A11
AXL_KO_amp_region_fwd,AGTCTGGGAGTGAGGGAAGG,Standard Desalting ,NULL,NULL
AXL_KO_amp_region_rev,TTCTGTGGTCCCAAGGAAAC,Standard Desalting ,NULL,NULL
AXL_mCherry_Fwd_2,GGGCAGGAGGATGGTGCCGTGAGCAAGGGCGAGGAG,,3,D3
AXL_mCherry_Rev_2,GAGTACCAGGTGGAGGGTTGTCTCACTTGTACAGCTCGTCCATGC,,3,F7
MerTKend_templ_f2,GTGATACGCAGCACACAACT,"Standard Desalting Plate 3, B10",NULL,NULL
MerTKend_templ_r2,TGTGGGCTACAAGCAGGTTAC,"Standard Desalting Plate 3, B5",NULL,NULL
Tyro3end_templ_f2,GTAGGTACTGCCCACTCAGC,"Standard Desalting Plate 3, A6",3,NULL
Tyro3end_templ_r2,CAGGTTCCAGGAATTCCCCC,Standard Desalting,3,B11
AXL_round_horn_L,TGAGACAACCCTCCACCTG,"Standard Desalting Plate 3, C3",NULL,NULL
AXL_round_horn_R,ACGGGACCCCGACGA,Standard Desalting ,NULL,NULL
AXL_mCherry_Fwd_3,TCCCCAGCAGCCCCAGGGCAGGAGGATGGTGCCGTGAGCAAGGGCGAGGAG,Standard Desalting ,2,G4
AXL_round_horn_R_fix,TGCCCTGGGGCTGCT,"Standard Desalting Plate 3, E8",NULL,NULL
AXL_btm_rev_KpnI,TTGGTACCTCACATCTTAGAACACCGGACC,Standard Desalting,3,E12
AXL_top_fwd_nheI,TTGCTAGCCACAGCTGGTGTGTTTGTTATCT,"Standard Desalting Plate 3, C8",NULL,NULL
AXL_top_rev_ageI,TTACCGGTTTGGCACCATCCTCCTGC,Standard Desalting,3,F6
AXL_btm_fwd_XhoI,TTCTCGAGTTTGAGACAACCCTCCACCTG,"Standard Desalting Plate 3, E10",NULL,NULL
AXL_btm_rev_XbaI,TTTCTAGATCACATCTTAGAACACCGGACC,Standard Desalting ,NULL,NULL
Tyro3_top_fwd_NheI,TTGCTAGCAGCAAGACCCTGTCTCTACA,Standard Desalting ,2,F7
Tyro3_top_rev_AgeI,TTACCGGTTTACAGCTACTGTGTGGCAGTAG,Standard Desalting ,2,F12
Tyro3_btm_fwd_XhoI,TTCTCGAGTTTAGCCCACAGGCAGAGG,Standard Desalting ,2,F5
Tyro3_btm_rev_KpnI,TTGGTACCCAGGTTCCAGGAATTCCCC,Standard Desalting ,2,G8
MerTK_top_fwd_NheI,TTGCTAGCCAGGGCCCCAACTAACTCAG,Standard Desalting ,2,F11
MerTK_top_rev_ageI,TTACCGGTTTCATCAGGACTTCTGAGCCTTCTG,Standard Desalting ,2,G10
MerTK_btm_fwd_XhoI,TTCTCGAGTTTGAGGAGAGGTGCGGG,Standard Desalting ,2,F10
MerTK_btm_rev_KpnI,TTGGTACCTTACGAAGTGGCAGAGGCAG,Standard Desalting ,2,H6
CRISPR_T7_fwd,TAATACGACTCACTATATGTGGAAAGGACGAAACACC,Standard Desalting ,NULL,NULL
CRISPR_T7_rev,AAAAAAAGCACCGACTCGGT,Standard Desalting ,2,H8
CRISPR_T7_AXL1_fwd,TAATACGACTCACTATAGGACCAGGTGGAGGGTTGTCTC,Standard Desalting ,2,H9
CRISPR_T7_AXL2_fwd,TAATACGACTCACTATAGGATCCTGAGAGGGAGTACC,Standard Desalting ,2,H7
CRISPR_T7_AXL3_fwd,TAATACGACTCACTATAGCCTGAGACAACCCTCCACC,Standard Desalting ,2,H10
PROS_toCochran_fwd,TGC GCT AGC CGA GGT TGT TTC AGT GTG C,Standard Desalting,NULL,NULL
mEGFP_to_AXL_rev,CTA GGC GGC CGC TTA CTT GTA CAG CTC GTC C,Standard Desalting,NULL,NULL
AXL_KO_repair,GGTGCCCCAGGATGGGCAGGGTCCCGCTGGCCTGGTGCTTGGCGCTGTGCGGCTGGGCGTCCTAGGCCCCCAGGGGTGAGTGATGGGGGCTCCTTGGGGCAGGGATCCCCTCGGAGGGGCTGGGGCAGGGGTA,Ultramer  Standard Desalting ,NULL,NULL
AXLend templ Fwd 1,TTCTCGAGCACAGCTGGTGTGTTTGTTATC,"Standard Desalting Plate 3, D8",3,NULL
AXLend templ Rev 1,TTAAGCTTTCACATCTTAGAACACCGGACC,"Standard Desalting Plate 3, D2",3,NULL
AXLend templ Fwd 2,TTCTCGAGAAAGATTGCACAGCTGGTGTGTT,"Standard Desalting Plate 3, D10",3,NULL
AXLend templ Rev 2,TTAAGCTTCCGGAATCTTGGACCAATGGAA,"Standard Desalting Plate 3, F9",3,NULL
AXLend ins Rev,TTGCTAGCGGCACCATCCTCCTGCC,"Standard Desalting Plate 3, D4",3,NULL
AXLend ins Fwd,TTATCGATTGAGACAACCCTCCACCTGGTAC,"Standard Desalting Plate 3, E7",3,NULL
AXL_YtoF_F_746,GGG GAC TAC TTC CGC CAG GGA,Standard Desalting,NULL,NULL
AXL_Ig1_rev,TGGTACCTAGTGGTGATGGTGATGATGCAAGCCCTCCAGCCCAACATA,Standard Desalting ,2,H11
AXL_YtoF_R_743,GTA GAT CTT CTT GGA GAG CC,Standard Desalting,NULL,NULL
AXL_Ig2_rev,TGGTACCTAGTGGTGATGGTGATGATGCTGGGGGAGCACTGTGATGG,Standard Desalting ,2,E7
AXL_YtoF_R_815,AGC TAG ACT CTC AAT GGC,Standard Desalting,NULL,NULL
AXL_YtoF_F_815,GAC CGT GTC TTC ACC AGC AAG,Standard Desalting,NULL,NULL
AXL_YtoF_R_731,GGA GAG CCC GAA GTC CGC,Standard Desalting,NULL,NULL
AXL_YtoF_F_731,AAG AAG ATC TTC AAT GGG GAC TAC TAC CG,Standard Desalting,NULL,NULL
AXL_YtoF_R_566,GTC CCC GAG CCG GGA ATA,Standard Desalting,NULL,NULL
AXL_YtoF_F_623,GGC ATG GAG TTT CTG AGT ACC AAG,Standard Desalting,NULL,NULL
AXL_YtoF_R_623,ACT GGC GAT GTC TGC CAT,Standard Desalting,NULL,NULL
Gas6-Sortase-fwd,GTC AGC TAG CCG AAA ATC TGT ACT TTC AGG GCG GCG GCT GCA TCA ACA AGT ATG GGT CTC CGT ACA CCA AAA,Standard Desalting,NULL,NULL
Tyro_Ig2_rev,TGGTACCTAGTGGTGATGGTGATGATGTGCAGGCAGTGCTTGAAGGT,Standard Desalting ,2,F8
AXL_YtoF_F_914,AGC GAG ATT TTT GAC TAT CTG CGC,Standard Desalting,NULL,NULL
AXL_YtoF_R_887,GCC TCT TGT GGC AAT CTC,Standard Desalting,NULL,NULL
AXL_YtoF_F_887,CAA ACC CCA TTT CCG GGC GTG,Standard Desalting,NULL,NULL
AXL_KO_repair_fwd,GGTGCCCCAGGATGG,Standard Desalting ,2,G11
5'AOX1-seq-primer,GACTGGTTCCAATTGACAAGC,,4,A1
AXL_YtoF_R_914,GTT CTC CAC GCC CGG ATA,Standard Desalting,NULL,NULL
mEGFP_to_AXL_fwd,CTA GGG ATC CGA TGG TGA GCA AGG GC,Standard Desalting,NULL,NULL
AXL_Ig2_GAPz_fwd,TGAATTCCAGCCTGGCTATGTTGGGCT,Standard Desalting ,4,B3
AXL_YtoF_F_974,GAT GGA CTG TTT GCC TTG ATG TCG,Standard Desalting,NULL,NULL
Mer_Ig1_GAPz_rev,TTCTAGAAGTCCTTGTACTTCGATGTAGATGGGATCA,Standard Desalting ,4,B7
AXL_YtoF_R_149,CAC GCG GTA CCT GAC TAC,Standard Desalting,NULL,NULL
Mer_Ig2_GAPz_rev,TTCTAGAGAGGGAATTGCTTTGATGTTGATCTGC,Standard Desalting ,4,B4
MerTK_newset2_fwd,CTA GGC TAG CAA AAA GTT GGC ACC AT,Standard Desalting,NULL,NULL
MerTK_newset2_rev,CTA GGG ATC CTT ACA TAA GGA CTT CTG AGC CTT CTG,Standard Desalting,NULL,NULL
Tyro3_top_rev_AgeI_2,TTA CCG GTC TAC TGT GTG GCA GTA GCC,Standard Desalting,NULL,NULL
MerTK IRES puro rev 2,TGGATCCTACATCAGGACTTCTGAGCCTTC,Standard Desalting ,4,A2
AXL repair qc fwd,GAT CTT GAT TAT CCC CAC TTG C,Standard Desalting,NULL,NULL
AXL repair qc rev,GGC TGC AAG TGG GGA TAA TCA A,Standard Desalting,NULL,NULL
MerIg2 pGAP CTAG rev,CTAGTCTAGAGAGGGAATTGCTTTGATGTTGATCTGC,Standard Desalting ,4,A6
AXL_YtoF_F_920_V2,ATT TAT GAC TTT CTG CGC CGG G,Standard Desalting,NULL,NULL
TyroIg1 pGAP CTAG rev,CTAGTCTAGAACACCTTCTACCGTGAGCCAC,Standard Desalting ,4,B1
AXL_YtoF_F_80,GAG ACC CGT TTT GGA GAA GTG TTT G,Standard Desalting,NULL,NULL
AXLIg2 pGAP CTAG rev,CTAGTCTAGATTCTGGGGGAGCACTGTGATGG,Standard Desalting ,4,B5
AXL_YtoF_R_131,CAG TTC ACC TCT TTC CAC TGT TG,Standard Desalting,NULL,NULL
MerTK CTAG rev,CTAGGGATCCTACATCAGGACTTCTGAGCCTTC,Standard Desalting ,4,A5
MerTK_newset_fwd2,TAGGCTAGCGGGCCCAATAATGATTTTA,Standard Desalting ,NULL,NULL
mCherry Fwd,TTGCTAGCGTTTCAAAAGGTGAAGAAGATAATATGG,Standard Desalting ,NULL,NULL
mCherry Rev,TTATCGATTTATTTATATAATTCATCCATACCACCA,Standard Desalting ,NULL,NULL
CXCR3_varA_fwd,CTAGGCTAGCATGGTCCTTGAGGTGAG,Standard Desalting ,NULL,NULL
CXCR3_rev,CTAGGGATCCTCACAAGCCCGAGTAG,Standard Desalting ,NULL,NULL
CXCR3_varB_fwd,CTAGGCTAGCATGGAGTTGAGGAAGTACG,Standard Desalting ,NULL,NULL
mCherry Fwd CloneTech,TTGCTAGCGTGAGCAAGGGCGAGGAG,"Standard Desalting Plate 3, D9",NULL,NULL
mCherry Rev CloneTech,TTATCGATCTTGTACAGCTCGTCCATGC,"Standard Desalting Plate 3, E3",NULL,NULL
AXL_first_fwd,ATACTGGTACCGCGGCCGCCCACAGCTGGTGTGTTTGTTATCTATATCC,"Standard Desalting Plate 3, C11",NULL,NULL
AXL_first_rev,CCTTGCTCACGGCACCATCCTCCTGCCC,"Standard Desalting Plate 3, D12",NULL,NULL
mCherry_fwd,GGATGGTGCCGTGAGCAAGGGCGAGGAG,"Standard Desalting Plate 3, F3",NULL,NULL
mCherry_rev,GGTTGTCTCACTTGTACAGCTCGTCCATGC,"Standard Desalting Plate 3, E4",NULL,NULL
AXLend_fwd,GCTGTACAAGTGAGACAACCCTCCACCT,"Standard Desalting Plate 3, F10",3,NULL
AXLend_rev,CCCAGATCTTCGAGTCGACATCACATCTTAGAACACCGG,"Standard Desalting Plate 3, C1",3,NULL
pLKO.1 5' seq primer,GACTATCATATGCTTACCGT,"Standard Desalting Plate 3, H11",NULL,NULL
MerTKend_templ_f,CAGGGCCCCAACTAACTCAG,"Standard Desalting Plate 3, A10",NULL,NULL
MerTKend_templ_r,TTACGAAGTGGCAGAGGCAG,"Standard Desalting Plate 3, D5",NULL,NULL
Tyro3end_templ_f,AGCAAGACCCTGTCTCTACA,"Standard Desalting Plate 3, C10",3,NULL
Tyro3end_templ_r,CAGGTTCCAGGAATTCCCCC,"Standard Desalting Plate 3, A11",3,NULL
Tyro3_Cas9_Fwd1,CACCGTGGGCTAACAGCTACTGTG,"Standard Desalting Plate 3, D6",3,NULL
Tyro3_Cas9_Fwd2,CACCGCAGAGGGCATCGGGGCCATT,"Standard Desalting Plate 3, E6",3,NULL
Tyro3_Cas9_Rev1,AAACCACAGTAGCTGTTAGCCCAC,"Standard Desalting Plate 3, E5",3,NULL
Tyro3_Cas9_Rev2,AAACAATGGCCCCGATGCCCTCTGC,"Standard Desalting Plate 3, F2",3,NULL
MerTK_Cas9_Fwd1,CACCGCCCGCACCTCTCCTCACATC,"Standard Desalting Plate 3, C5",NULL,NULL
MerTK_Cas9_Fwd2,CACCGGCTCAGAAGTCCTGATGTG,"Standard Desalting Plate 3, F4",NULL,NULL
MerTK_Cas9_Rev1,AAACGATGTGAGGAGAGGTGCGGGC,"Standard Desalting Plate 3, C7",NULL,NULL
MerTK_Cas9_Rev2,AAACCACATCAGGACTTCTGAGCC,"Standard Desalting Plate 3, A1",NULL,NULL
MerTKstart_fwd,CGTAAGGTACCGCGGCCGCCCAGGGCCCCAACTAACTC,,3,B3
MerTKstart_rev,CCTTGCTCACCATCAGGACTTCTGAGCC,Standard Desalting ,2,G5
Mer_ mEGFP_fwd,AGTCCTGATGGTGAGCAAGGGCGAGGAG,"Standard Desalting Plate 3, B4",NULL,NULL
Mer_ mEGFP_rev,CCTCTCCTCACTTGTACAGCTCGTCCATGC,"Standard Desalting Plate 3, C6",NULL,NULL
MerTKend_fwd,GCTGTACAAGTGAGGAGAGGTGCGGGGA,Standard Desalting ,2,F3
MerTKend_rev,ACCCTTAAGATCTGTCGACATTACGAAGTGGCAGAGGCAG,"Standard Desalting Plate 3, A5",NULL,NULL
Tyro3start_fwd,CGTAAGGTACCGCGGCCGCCAGCAAGACCCTGTCTCTAC,Standard Desalting ,2,G6
Tyro3start_rev,CCTTGCTCACACAGCTACTGTGTGGCAG,Standard Desalting ,2,G7
Tyro_ mEGFP_fwd,CAGTAGCTGTGTGAGCAAGGGCGAGGAG,"Standard Desalting Plate 3, C9",NULL,NULL
Tyro_mEGFP_rev,CTGTGGGCTACTTGTACAGCTCGTCCATGC,Standard Desalting,3,C12
Tyro3end_fwd,GCTGTACAAGTAGCCCACAGGCAGAGGG,Standard Desalting ,2,G3
Tyro3end_rev,ACCCTTAAGATCTGTCGACACAGGTTCCAGGAATTCCC,Standard Desalting ,2,G2
Cas6 AXLend 1 Fwd,CACCGACCAGGTGGAGGGTTGTCTC,"Standard Desalting Plate 3, H3",NULL,NULL
Cas9 AXLend 1 Rev,AAACGAGACAACCCTCCACCTGGTC,"Standard Desalting Plate 3, H5",NULL,NULL
Cas9 AXLend 2 Fwd,CACCGGATCCTGAGAGGGAGTACC,"Standard Desalting Plate 3, H8",NULL,NULL
Cas9 AXLend 2 Rev,AAACGGTACTCCCTCTCAGGATCC,"Standard Desalting Plate 3, F12",NULL,NULL
Cas9 AXLend 3 Fwd,CACCGCCTGAGACAACCCTCCACC,"Standard Desalting Plate 3, H7",NULL,NULL
Cas9 AXLend 3 Rev,AAACGGTGGAGGGTTGTCTCAGGC,"Standard Desalting Plate 3, H4",NULL,NULL
AXL_YtoF_R_974,CAG ACA GTC CGC AGG CTG,Standard Desalting,NULL,NULL
AXL_YtoF_F_1100,GAA ATC CTC TTT GTC AAC ATG GAT GAG GG,Standard Desalting,NULL,NULL
AXL_YtoF_R_1100,GTC AGG CTC CTG GGC AGG,Standard Desalting,NULL,NULL
AXL_YtoF_F_1127,GGT GGA GGT TTT CCT GAA CCC,Standard Desalting,NULL,NULL
AXL_YtoF_R_1127,CTC ATC CAT GTT GAC ATA GAG,Standard Desalting,NULL,NULL
AXL_YtoF_F_1235,GCT GGA CGC TTT GTC CTC TGC,Standard Desalting,NULL,NULL
AXL_YtoF_R_1235,AGG ATG GAC CTC AGC CGC,Standard Desalting,NULL,NULL
Interaction oligo 2.1,/5AmMC6/AAA AAA AAA AAA AAA AAA AAA AAA AAA AAA AAA CGC GCG GCA CCC ATG GAT CCG GGA TGT AAT AGT GTC ATT GTT CTT CTA CCT GGC CAG,Standard Desalting,NULL,NULL
Interaction oligo 2.2,/5AmMC6/AAA AAA AAA AAA AAA AAA AAA AAA AAA AAA AAA CGC GCG GCA CCC ATC ACC TTC GGA TCC CTG AGC TGG CCC TCC CTT CAC TCT GGC CAG,Standard Desalting,NULL,NULL
Interaction oligo 2.3,/5AmMC6/AAA AAA AAA AAA AAA AAA AAA AAA AAA AAA AAA CGC GCG GCA CCC ATG CAC ATA GGT CAT CCA TTT CTA TCG CGG GGA TCC ACT GGC CAG,Standard Desalting,NULL,NULL
Tyro3end_templ_f3,CTC ACC TAC ACC TGA GAG GG,Standard Desalting,NULL,NULL
Tyro3end_templ_r3,TTT TGT GCT CAA TGC AGA AAA CT,Standard Desalting,NULL,NULL
Interaction amp primer,AAA ACG CGC GGC ACC CAT,Standard Desalting,NULL,NULL
mEGFP-fwd,TTC AAG ATC CGC CAC AAC ATC,Standard Desalting,NULL,NULL
xfer_TyroIg2_f,AAG GGG TAT CTC TCG AGA AAA GG,Standard Desalting,NULL,NULL
xfer_TyroIg2_r,CTA GAC CGG TCT AGT GGT GAT GGT GAT GAT GTG,Standard Desalting,NULL,NULL
pCT_backbone_xfer_f,CTA GGC TAG CTT AAT CGC CTT GCA G,Standard Desalting,NULL,NULL
pCT_backbone_xfer_r,CTA GGC TAG CGT AAT ACG GTT ATC CAC AGA,Standard Desalting,NULL,NULL
GAPz_xfer_f,CTA GGC TAG CTT TTT GTA GAA ATG TCT TGG,Standard Desalting,NULL,NULL
GAPz_xfer_r,CTA GGC TAG CCG CAC AAA CGA AGG,Standard Desalting,NULL,NULL
IGF1R_f,CTA GGC TAG CAT GAA GTC TGG CTC CG,Standard Desalting,NULL,NULL
IGF1R_r,CTA GGG ATC CTC AGC AGG TCG AAG AC,Standard Desalting,NULL,NULL
ErbB3_f,CTA GGC TAG CAT GAG GGC GAA CGA,Standard Desalting,NULL,NULL
ErbB3_r,CTA GGG ATC CTT ACG TTC TCT GGG CAT,Standard Desalting,NULL,NULL
FGFR1_f,CTA GGC TAG CAT GTG GAG CTG GAA GTG,Standard Desalting,NULL,NULL
FGFR1_r,CTA GGG ATC CTC AGC GGC GTT TG,Standard Desalting,NULL,NULL
Interaction oligo 1.1,/5AmMC6/AAA ACG CGC GGC ACC CAT GGA TCC ATA ACG TCA GCA TAA CAG ACA GTC TAG GTT GGC CA,Standard Desalting,NULL,NULL
Interaction oligo 1.2,/5AmMC6/AAA ACG CGC GGC ACC CAT CTG ATC AGG ATC CGA GGT CAT ACG CCC AAT CCG GCT GGC CA,Standard Desalting,NULL,NULL
Interaction oligo 1.3,/5AmMC6/AAA ACG CGC GGC ACC CAT ACA CGT GCG GCT TAG GAA GTC TAC ATC CGG ATC CAT GGC CA,Standard Desalting,NULL,NULL
CXCR3_varA_fwd,CTA GGC TAG CAT GGT CCT TGA GGT GAG,Standard Desalting,NULL,NULL
CXCR3_rev,CTA GGG ATC CTC ACA AGC CCG AGT AG,Standard Desalting,NULL,NULL
CXCR3_varB_fwd,CTA GGC TAG CAT GGA GTT GAG GAA GTA CG,Standard Desalting,NULL,NULL
MerTK_newset_fwd2,TAG GCT AGC GGG CCC AAT AAT GAT TTT A,Standard Desalting,NULL,NULL
pGAP fwd seq,GTC CCT ATT TCA ATC AAT TGA A,Standard Desalting,NULL,NULL
MerIg2 pGAP CTAG fwd,CTA GGA ATT CGA TCC CAT CTA CAT CGA AGT ACA AGG ACT T,Standard Desalting,NULL,NULL
MerIg2 pGAP CTAG rev,CTA GTC TAG AGA GGG AAT TGC TTT GAT GTT GAT CTG C,Standard Desalting,NULL,NULL
TyroIg1 pGAP CTAG fwd,CTA GGA ATT CGC AGG TCT GAA GCT CAT GGG AG,Standard Desalting,NULL,NULL
TyroIg1 pGAP CTAG rev,CTA GTC TAG AAC ACC TTC TAC CGT GAG CCA C,Standard Desalting,NULL,NULL
AXLIg2 pGAP CTAG fwd,CTA GGA ATT CCA GCC TGG CTA TGT TGG GCT,Standard Desalting,NULL,NULL
AXLIg2 pGAP CTAG rev,CTA GTC TAG ATT CTG GGG GAG CAC TGT GAT GG,Standard Desalting,NULL,NULL
MerTK CTAG fwd,CTA GGC TAG CAT GGG GCC GGC CC,Standard Desalting,NULL,NULL
MerTK CTAG rev,CTA GGG ATC CTA CAT CAG GAC TTC TGA GCC TTC,Standard Desalting,NULL,NULL
mEGFP rev BamHI,CTA GGG ATC CTT ACT TGT ACA GCT CGT CC,Standard Desalting,NULL,NULL
mEGFP to ins AXL,CTAGGGATCCAGTGAGCAAGGGCGAGGAGCTGTTCACCGGGGTGGTGCCCATCCTGGTCGAGCTGGACGGCGACGTAAACGGCCACAAGTTCAGCGTGTCCGGCGAGGGCGAGGGCGATGCCACCTACGGCAAGCTGACCCTGAAGTTCATCTGCACCACCGGCAAGCTGCCCGTGCCCTGGCCCACCCTCGTGACCACCCTGACCTACGGCGTGCAGTGCTTCAGCCGCTACCCCGACCACATGAAGCAGCACGACTTCTTCAAGTCCGCCATGCCCGAAGGCTACGTCCAGGAGCGCACCATCTTCTTCAAGGACGACGGCAACTACAAGACCCGCGCCGAGGTGAAGTTCGAGGGCGACACCCTGGTGAACCGCATCGAGCTGAAGGGCATCGACTTCAAGGAGGACGGCAACATCCTGGGGCACAAGCTGGAGTACAACTACAACAGCCACAACGTCTATATCATGGCCGACAAGCAGAAGAACGGCATCAAGGTGAACTTCAAGATCCGCCACAACATCGAGGACGGCAGCGTGCAGCTCGCCGACCACTACCAGCAGAACACCCCCATCGGCGACGGCCCCGTGCTGCTGCCCGACAACCACTACCTGAGCACCCAGTCCAAGCTGAGCAAAGACCCCAACGAGAAGCGCGATCACATGGTCCTGCTGGAGTTCGTGACCGCCGCCGGGATCACTCTCGGCATGGACGAGCTGTACAAGTGAGCGGCCGCATAT,gBlocks,NULL,NULL
Tyro3-codon-opt-ins,,,7,A1
Gas6-TEV-sortase-QCr,AAGTACAGATTTTCGTCTAAGTATCTTGGGTAAAAATAATC,,7,A2
PROS toCochran rev,CTAGGATCCTAAGAATTCTTTGTCTTTTTCC,,7,A3
MerTK last rev,TAGGCTAGCCAGCACACTGGATCAGTTAT,,7,A4
xfer to BAC rev,CAGATCGTCAGTCAGTCA,,7,A5
xfer to BAC fwd,CTAGCCCGGGATGTCCCCTATACTAGGTTATT,,7,A6
mTYRO3-Ig2,,,7,A7
mTYRO3-Ig1,,,7,A8
AXL KO repair,GGTGCCCCAGGATGGGCAGGGTCCCGCTGGCCTGG,,7,A9
Gas6-TEV-sortase-QCf,TCAGGGCGGCGGCATCAACAAGTATGGGTCTC,,7,A10
PROS toCochran fwd,TGCGCTAGCCGAGGTTGTTTCAGTGTGC,,7,A11
mEGFP to AXL rev,CTAGGCGGCCGCTTACTTGTACAGCTCGTCC,,7,A12
mMER-Ig1,,,7,B1
mAXL-Ig1,,,7,B2
mMER-Ig2,,,7,B3
mAXL-Ig2,,,7,B4
PROS-TEV-sortase-QCf,TCAGGGCGGCGGCCTTCGCTCTTTTCAAACTG,,7,B5
Gas6-Sortase-fwd,GTCAGCTAGCCGAAAATCTGTACTTTCAGGGCGGCGGCTGCATCAACAAGTATGG,,7,B6
PROS-Sortase-fwd,GTCAGCTAGCCGAAAATCTGTACTTTCAGGGCGGCGGCTGTCTTCGCTCTTTTC,,7,B7
mEGFP to AXL fwd,CTAGGGATCCGATGGTGAGCAAGGGC,,7,B8
AXL Fn GEX-2TK rev,CTAGGAATTCTCACCAGGGCCACGAGAAG,,7,B9
Interaction oligo 2.1,/5AmMC6/AAAAAAAAAAAAAAAAAAAAAAAAAAAAAAAAACGCGCGGCACCCATGGA,,7,B10
Interaction oligo 2.3,/5AmMC6/AAAAAAAAAAAAAAAAAAAAAAAAAAAAAAAAACGCGCGGCACCCATGC,,7,B11
JNKClover fwd,TAGGCTAGCCACCATGAGTAACCCTAAGATCC,,7,B12
PROS-TEV-sortase-QCr,AAGTACAGATTTTCAACTAAGTATTTTGGATAAAAATAATC,,7,C1
MerTK last fwd,CTAGGAATTCTTATACCGGTAAAGTTGGCATCAGGACT,,7,C2
AXL Fn GEX-2TK fwd,CTAGGGATCCGTGCTCCCCCAGCAG,,7,C3
,,,7,C4
Interaction amp primer,AAAACGCGCGGCACCCAT,,7,C5